{
  "weights": {
    "bias": -1.3425740120609426,
    "spreadPct": -0.5505998408172593,
    "clearancePct": 0.0842146612659134,
    "slowSlopePct": -0.07035475796345081,
    "volRatio": 0.014953075800709596
  },
  "means": [
    2.6518854757433123,
    2.323072751734398,
    0.724810279201397,
    1.1194054682392722
  ],
  "stds": [
    3.877660856356236,
    3.9319655563614817,
    1.2397670445261835,
    1.1063715993661845
  ],
  "threshold": 0.5,
  "featureNames": [
    "spreadPct",
    "clearancePct",
    "slowSlopePct",
    "volRatio"
  ],
  "trainedAt": "2026-06-15T19:08:08.479Z",
  "sampleCount": 110210
}
