{
  "fast": {
    "weights": {
      "bias": -9.631885050562706e+229,
      "vol20": -5.727147410275654e+231,
      "vol60": -6.802130653816547e+231,
      "trend60": -8.954386895356862e+230,
      "volCv": -7.802008731410842e+230,
      "avgRangePct": 1.134261969235564e+232,
      "logPrice": 2.6306919211142857e+231
    },
    "means": [
      4.586002329999306,
      4.298974266013927,
      12.174848193244413,
      0.5464060303406211,
      5.232587243408574,
      3.0831925527430175
    ],
    "stds": [
      24.09351435853479,
      14.378695325271366,
      53.123659251756244,
      0.5719882181973084,
      5.645540232768581,
      1.737625883776529
    ]
  },
  "slow": {
    "weights": {
      "bias": -1.0850030590931516e+231,
      "vol20": -6.451460360465401e+232,
      "vol60": -7.662396850667417e+232,
      "trend60": -1.008684917102307e+232,
      "volCv": -8.788729616491451e+231,
      "avgRangePct": 1.2777122027237084e+233,
      "logPrice": 2.963395811886145e+232
    },
    "means": [
      4.586002329999306,
      4.298974266013927,
      12.174848193244413,
      0.5464060303406211,
      5.232587243408574,
      3.0831925527430175
    ],
    "stds": [
      24.09351435853479,
      14.378695325271366,
      53.123659251756244,
      0.5719882181973084,
      5.645540232768581,
      1.737625883776529
    ]
  },
  "featureNames": [
    "vol20",
    "vol60",
    "trend60",
    "volCv",
    "avgRangePct",
    "logPrice"
  ],
  "trainedAt": "2026-06-15T21:08:28.101Z",
  "sampleCount": 4136
}
